State,1960,1961,1962,1963,1964,1965,1966,1967,1968,1969,1970,1971,1972,1973,1974,1975,1976,1977,1978,1979,1980,1981,1982,1983,1984,1985,1986,1987,1988,1989,1990,1991,1992,1993,1994,1995,1996,1997,1998,1999,2000,2001,2002,2003,2004,2005,2006,2007,2008,2009,2010,2011,2012,2013,2014,2015,2016,2017,2018,2019,2020,2021,,,,,,,,,,,,,,,,,,,,,,,,,,,,,,,,,,,,,,
AK,"6,800","7,313","7,453","7,793","8,102","8,519","8,328","8,457","8,486","8,455","8,835","9,094","8,673","7,844","8,329","8,608","9,201","11,449","10,809","10,733","8,321","9,216","8,745","9,591","11,152","11,783","10,707","12,004","12,761","18,342","18,357","17,357","18,300","20,551","23,590","23,142","21,915","15,583","13,638","10,605","12,375","17,446","18,269","19,607","18,876","15,930","13,481","14,286","13,126","15,912","17,148","16,702","17,831","18,931","22,760","23,819","26,254","24,447","24,996","23,608","25,527","24,907",,,,,,,,,,,,,,,,,,,,,,,,,,,,,,,,,,,,,,
AL,"112,809","118,021","125,564","112,682","137,992","121,888","121,238","144,384","129,673","131,856","132,471","158,182","164,946","181,706","166,734","184,701","160,994","174,751","148,341","190,737","238,766","213,355","265,548","282,179","288,127","248,632","215,783","233,511","216,597","304,351","253,287","257,202","257,599","269,514","334,002","322,116","323,721","300,020","317,349","290,232","263,303","252,841","253,609","284,732","293,280","279,983","266,931","229,491","237,856","274,392","266,139","279,972","265,964","336,863","293,890","284,365","259,513","285,081","301,170","298,545","308,209","303,213",,,,,,,,,,,,,,,,,,,,,,,,,,,,,,,,,,,,,,
AR,"48,104","51,144","47,637","41,897","42,732","46,425","51,697","46,124","64,986","64,813","56,933","53,579","53,917","81,723","81,339","71,589","62,300","69,746","77,088","80,773","69,996","68,248","77,652","95,412","91,646","109,251","91,234","86,688","92,546","119,759","110,505","110,143","112,813","133,803","119,609","117,506","118,019","124,045","114,927","110,822","108,634","94,022","108,652","107,933","112,971","112,738","100,633","121,766","126,307","130,887","138,624","135,133","125,377","132,370","131,625","129,264","127,831","121,635","124,834","132,189","118,123","114,123",,,,,,,,,,,,,,,,,,,,,,,,,,,,,,,,,,,,,,
AZ,"36,181","35,083","34,533","34,861","34,271","50,095","58,060","56,423","63,456","67,840","68,919","74,136","75,189","79,348","82,058","80,897","84,428","75,681","79,870","83,414","120,006","92,583","94,968","175,999","188,831","171,680","175,103","123,114","98,749","101,497","94,753","88,774","87,528","86,942","94,235","106,203","114,080","143,511","128,115","116,145","102,228","92,536","88,046","84,201","82,473","92,285","95,745","97,679","111,984","96,257","100,835","129,110","114,315","119,753","139,836","149,031","162,028","172,736","179,533","174,570","177,618","197,117",,,,,,,,,,,,,,,,,,,,,,,,,,,,,,,,,,,,,,
CA,"270,161","248,178","329,046","360,333","331,757","418,518","375,877","473,192","397,366","544,918","521,978","533,790","472,312","553,162","645,073","578,578","422,852","338,073","576,601","559,806","591,928","503,653","702,806","811,004","696,738","594,659","668,070","524,440","515,854","742,255","672,945","658,090","642,456","822,369","635,959","854,499","824,917","767,346","838,169","764,472","741,658","615,198","684,544","768,593","768,889","819,440","897,576","707,404","680,290","725,594","836,280","953,565","818,490","897,358","903,692","911,138","1,116,287","1,314,777","1,213,958","1,373,488","1,244,897","1,334,148",,,,,,,,,,,,,,,,,,,,,,,,,,,,,,,,,,,,,,
CO,"16,914","15,464","17,144","17,410","17,865","16,369","17,380","16,908","17,248","18,181","21,329","25,526","22,935","23,623","24,207","24,728","23,636","23,658","29,391","33,170","28,582","28,752","32,043","35,857","39,837","43,210","44,294","32,433","32,649","30,873","27,106","32,617","28,988","33,636","29,288","36,531","35,801","38,515","31,402","32,395","31,999","30,471","27,044","28,794","29,099","35,558","42,229","50,616","77,341","78,297","82,338","107,753","108,351","122,946","131,177","133,682","158,875","162,034","165,952","178,021","194,190","216,066",,,,,,,,,,,,,,,,,,,,,,,,,,,,,,,,,,,,,,
CT,"17,406","17,076","15,937","16,253","16,703","15,500","16,243","18,072","18,657","19,701","19,293","20,206","22,712","21,870","22,509","22,237","23,862","24,105","26,391","29,359","43,748","42,958","41,481","48,199","41,112","40,389","35,551","30,809","34,409","36,042","34,712","35,008","39,390","39,678","40,824","46,227","56,334","51,004","49,471","49,593","50,913","29,919","28,612","32,973","42,965","29,171","35,689","36,171","36,453","41,664","43,526","43,360","38,975","42,952","45,472","46,764","47,868","46,758","49,572","48,862","46,777","51,792",,,,,,,,,,,,,,,,,,,,,,,,,,,,,,,,,,,,,,
DC,155,163,166,148,138,120,111,112,120,108,113,116,118,114,129,131,146,158,193,210,"2,849","2,312","3,654","2,564","3,226","3,327","3,049","2,229","2,382","2,515","1,283","1,347","1,411","1,946","1,849","1,851","1,922","1,378","1,222","1,259","1,354",866,881,926,943,263,619,741,563,619,"1,118","1,296","1,077","1,179","1,313","1,831","2,193","2,257","2,661","3,049","3,024","3,358",,,,,,,,,,,,,,,,,,,,,,,,,,,,,,,,,,,,,,
DE,"4,982","5,101","5,134","5,356","5,510","5,577","5,852","5,783","6,594","7,073","7,021","7,673","8,190","8,483","8,466","7,901","9,607","10,161","10,667","8,729","2,472","2,006","3,170","2,224","2,927","3,019","2,765","2,162","2,310","2,516","1,653","1,733","1,783","2,492","2,422","2,476","2,642","2,203","1,936","2,001","2,290","1,325","1,315","1,401","1,436","1,886","3,619","4,972","5,787","6,637","7,751","7,844","7,116","7,619","8,064","7,744","7,597","7,912","8,035","8,544","7,722","8,136",,,,,,,,,,,,,,,,,,,,,,,,,,,,,,,,,,,,,,
FL,"35,680","34,417","35,826","38,613","39,016","39,916","42,760","44,550","49,556","51,489","51,035","49,968","54,389","56,250","52,429","50,007","56,507","59,953","65,357","69,419","90,049","83,698","105,523","94,585","112,695","114,488","118,872","108,785","114,445","233,039","199,621","213,746","231,574","217,481","215,930","220,410","240,413","231,427","205,607","204,197","195,106","158,138","174,380","188,488","179,495","187,675","192,085","199,921","242,563","272,931","289,743","288,638","287,354","301,827","298,010","293,757","290,005","306,615","314,801","315,365","316,100","353,523",,,,,,,,,,,,,,,,,,,,,,,,,,,,,,,,,,,,,,
GA,"96,016","94,590","96,771","103,171","118,296","108,022","109,456","109,475","106,371","105,812","98,222","109,007","114,745","125,605","121,581","123,427","135,157","136,122","138,170","149,144","144,038","122,747","143,871","151,110","159,451","146,207","141,713","146,038","138,748","218,604","236,225","227,699","234,696","240,389","240,939","249,128","256,860","262,479","256,573","231,115","222,186","192,068","283,715","221,675","226,761","218,423","210,818","205,849","198,357","220,565","247,287","246,831","237,974","284,011","297,134","300,896","298,214","293,604","303,573","314,211","328,340","332,568",,,,,,,,,,,,,,,,,,,,,,,,,,,,,,,,,,,,,,
HI,292,258,214,446,"1,429","1,265","1,309","1,389","1,657","1,773","1,559","1,283","1,491","1,528","1,550","1,498","1,663","1,355","1,143","1,258","12,808","13,585","13,382","14,920","15,372","15,307","17,315","18,834","20,427","28,875","27,937","27,516","26,800","27,829","25,404","24,608","24,087","22,502","21,656","21,767","20,386","12,395","10,462","13,318","13,786","14,186","15,528","16,995","19,327","19,688","18,177","20,402","21,430","25,989","27,996","29,420","32,368","32,003","31,126","29,839","31,467","35,105",,,,,,,,,,,,,,,,,,,,,,,,,,,,,,,,,,,,,,
IA,"15,884","15,713","15,580","13,403","12,798","15,160","14,994","14,243","16,244","15,250","16,080","16,122","17,235","16,691","16,976","17,029","15,187","17,088","19,287","18,947","58,556","64,176","66,907","72,089","75,557","75,925","99,976","107,657","111,500","77,651","74,025","76,130","80,204","80,903","85,415","84,388","88,728","80,058","79,013","84,399","80,729","76,705","85,207","93,652","111,271","124,866","142,841","176,851","213,180","289,408","335,054","353,478","370,566","389,728","406,807","429,835","452,667","473,227","478,666","518,892","556,341","599,196",,,,,,,,,,,,,,,,,,,,,,,,,,,,,,,,,,,,,,
ID,"77,688","70,403","73,984","73,227","76,892","79,778","81,379","82,252","80,804","76,228","85,735","89,445","92,776","97,216","111,472","118,011","121,380","85,968","119,334","113,729","113,407","115,694","137,262","152,320","156,188","132,234","146,356","101,447","87,409","124,844","119,701","116,219","95,136","125,883","106,260","139,475","164,045","179,013","159,820","167,399","141,037","104,604","113,189","108,868","112,080","122,267","147,673","127,411","132,857","136,273","132,245","177,760","156,600","140,544","155,787","154,481","153,289","174,569","180,196","171,550","157,879","145,902",,,,,,,,,,,,,,,,,,,,,,,,,,,,,,,,,,,,,,
IL,"33,020","32,237","32,864","34,418","34,491","35,036","37,080","37,444","40,029","41,716","41,064","40,628","41,490","43,861","43,952","42,898","47,471","51,314","62,925","64,626","92,366","100,323","108,434","126,417","124,741","130,268","141,294","151,533","160,014","131,790","102,981","108,933","114,816","98,172","100,879","97,861","83,498","91,180","91,481","93,839","97,687","100,875","111,585","127,073","126,588","109,784","109,454","130,912","160,653","186,174","216,383","233,916","242,375","268,752","278,073","270,570","276,545","286,646","277,668","293,917","297,310","335,451",,,,,,,,,,,,,,,,,,,,,,,,,,,,,,,,,,,,,,
IN,"24,556","24,199","24,089","24,007","23,168","23,060","24,315","27,363","28,677","29,971","28,494","27,156","30,826","32,102","32,017","31,342","36,021","38,768","45,814","51,858","56,145","59,181","59,095","67,925","65,106","69,669","71,973","76,758","80,134","69,984","60,812","61,906","63,036","53,578","51,764","54,693","49,717","47,036","44,517","47,598","48,674","53,158","55,332","57,491","58,085","63,826","55,594","67,602","99,311","118,682","148,291","156,049","144,690","157,896","162,947","173,327","183,792","183,807","190,075","187,427","182,401","212,543",,,,,,,,,,,,,,,,,,,,,,,,,,,,,,,,,,,,,,
KS,"4,123","3,855","3,670","3,798","3,674","3,499","3,529","3,349","3,459","3,280","3,730","3,941","5,702","6,031","5,915","5,811","6,526","6,852","7,540","7,928","9,088","8,483","10,392","10,707","14,676","14,844","21,818","20,517","21,727","17,714","13,869","14,307","14,248","13,513","13,084","12,949","11,792","10,349","9,895","10,142","9,920","10,929","19,560","21,917","19,571","22,986","28,423","36,181","58,223","66,668","75,257","81,476","90,046","132,989","151,818","149,870","179,062","219,766","222,816","239,094","260,617","276,717",,,,,,,,,,,,,,,,,,,,,,,,,,,,,,,,,,,,,,
KY,"50,751","48,648","51,423","47,591","47,022","47,438","49,311","61,073","53,358","51,326","57,023","61,912","66,566","67,629","66,669","66,857","68,110","64,140","70,514","82,531","55,822","55,159","69,516","65,792","77,261","73,167","68,813","66,840","61,978","77,084","53,391","59,493","61,359","50,100","57,565","51,655","55,609","48,522","43,807","38,509","36,286","53,539","65,077","70,509","71,188","74,724","70,058","65,820","71,481","85,039","84,515","90,457","80,329","96,473","96,645","89,402","91,858","103,410","103,816","101,676","100,789","102,456",,,,,,,,,,,,,,,,,,,,,,,,,,,,,,,,,,,,,,
LA,"38,992","37,174","36,785","39,147","39,291","38,299","39,754","37,685","40,791","40,698","41,620","41,912","44,819","45,748","44,928","42,358","45,170","46,692","47,825","44,717","64,707","68,263","69,667","74,654","78,816","79,343","102,343","102,199","104,615","129,814","125,516","128,100","131,568","138,255","148,325","152,242","152,597","149,694","147,538","148,444","142,352","136,129","144,121","152,633","189,772","151,854","150,707","151,977","114,723","119,238","134,463","135,127","130,783","151,598","173,371","158,287","176,181","161,570","160,945","150,526","144,854","144,874",,,,,,,,,,,,,,,,,,,,,,,,,,,,,,,,,,,,,,
MA,"53,354","52,769","53,590","52,762","54,148","55,636","58,117","58,183","62,101","64,611","65,043","61,247","59,302","56,501","56,959","53,325","60,502","63,357","67,677","74,298","72,495","73,207","66,642","78,596","65,032","65,453","69,642","60,278","61,835","66,832","65,262","66,582","68,432","69,749","73,476","72,547","78,433","72,315","66,413","65,167","69,461","48,003","46,804","50,418","51,781","46,953","62,215","59,616","60,558","69,061","75,267","77,232","73,171","82,560","87,252","88,979","93,041","95,856","101,071","99,536","94,678","103,215",,,,,,,,,,,,,,,,,,,,,,,,,,,,,,,,,,,,,,
MD,"38,447","35,723","36,002","35,457","37,440","39,019","42,103","49,500","47,752","45,515","51,782","49,264","56,117","55,059","52,381","55,834","56,373","59,569","59,254","66,329","45,823","45,447","51,599","52,085","60,086","55,151","54,649","47,753","46,241","55,480","50,546","41,675","46,672","49,263","52,990","52,076","66,229","53,175","52,661","50,889","54,124","33,276","41,124","54,160","53,460","48,562","59,415","58,135","60,163","66,644","71,889","80,305","71,341","78,496","77,492","73,185","73,766","80,822","90,288","79,877","66,952","73,820",,,,,,,,,,,,,,,,,,,,,,,,,,,,,,,,,,,,,,
ME,"59,784","56,575","55,672","58,874","55,936","51,675","55,812","58,337","59,840","61,658","59,420","55,423","59,882","64,648","64,263","60,423","70,099","72,689","74,889","76,896","121,124","129,795","126,910","140,252","139,329","136,042","122,771","116,377","118,029","154,425","151,630","157,261","159,035","158,153","156,736","160,885","167,218","161,828","151,240","159,186","163,025","146,148","140,389","132,348","136,776","160,078","152,966","156,513","186,763","153,514","163,927","166,773","162,608","168,347","164,138","168,574","150,107","155,506","155,760","154,606","138,648","133,128",,,,,,,,,,,,,,,,,,,,,,,,,,,,,,,,,,,,,,
MI,"59,100","55,209","53,745","51,374","52,769","55,858","56,828","56,539","56,320","56,624","54,309","53,960","56,203","47,225","50,587","47,458","52,481","54,719","66,270","73,877","103,039","108,871","109,127","122,339","114,761","114,217","116,002","116,158","122,565","115,859","102,166","110,847","113,219","106,055","108,905","109,943","124,237","116,010","108,882","111,261","118,368","99,025","99,500","112,635","118,153","130,906","130,017","140,683","158,418","149,749","160,224","176,632","179,593","208,916","221,483","239,503","234,596","238,177","247,124","244,587","235,184","247,406",,,,,,,,,,,,,,,,,,,,,,,,,,,,,,,,,,,,,,
MN,"34,957","32,478","34,382","32,328","33,210","34,786","35,031","32,385","33,828","34,190","32,822","33,768","35,695","36,452","35,899","36,949","35,632","36,725","50,237","53,947","54,794","56,622","58,968","62,679","66,022","68,755","66,440","60,506","61,444","64,343","60,972","65,660","72,610","78,149","81,517","85,646","85,300","89,951","87,839","98,801","104,646","108,048","104,032","107,570","114,862","123,801","129,807","153,230","179,586","203,854","224,987","241,621","246,583","245,622","273,992","278,624","282,936","293,528","296,986","298,551","286,430","297,813",,,,,,,,,,,,,,,,,,,,,,,,,,,,,,,,,,,,,,
MO,"41,442","45,068","40,239","33,299","31,229","35,404","33,010","31,558","39,086","39,601","33,344","30,407","29,355","43,807","44,031","40,414","39,537","37,981","49,657","55,940","30,880","30,527","43,954","44,094","47,136","62,542","49,423","40,982","44,194","37,837","43,149","32,516","37,086","52,644","38,883","38,250","31,818","31,332","38,053","33,906","23,293","33,141","37,858","34,678","44,121","54,637","43,545","62,175","84,232","92,068","100,761","96,371","84,689","97,726","98,934","95,606","94,312","102,440","110,649","121,475","117,585","144,808",,,,,,,,,,,,,,,,,,,,,,,,,,,,,,,,,,,,,,
MS,"46,565","45,532","44,673","39,154","38,448","37,759","37,816","34,261","35,452","34,609","33,527","32,841","32,432","32,195","31,279","31,152","34,819","36,230","37,576","37,510","38,097","41,070","44,643","45,071","50,468","50,892","49,196","45,439","47,412","76,403","84,868","89,510","90,830","92,918","95,203","94,383","85,759","84,291","64,175","65,132","75,389","56,103","49,669","45,369","61,297","62,951","63,632","64,570","50,436","56,832","74,760","75,576","88,539","76,908","78,055","74,223","76,967","71,848","74,057","70,136","68,741","68,941",,,,,,,,,,,,,,,,,,,,,,,,,,,,,,,,,,,,,,
MT,"69,936","76,550","74,894","70,429","79,375","95,505","90,332","98,163","100,651","106,143","98,397","107,251","104,348","84,637","106,573","112,007","135,822","97,331","132,188","119,406","114,608","130,992","126,686","135,671","130,479","120,845","133,794","111,016","103,727","110,781","123,371","142,264","95,817","109,033","94,371","127,489","158,531","153,272","128,284","157,020","113,793","80,654","108,732","100,455","101,639","114,898","123,334","119,592","125,437","116,455","117,221","143,494","127,819","118,144","137,730","129,412","132,767","140,885","147,563","133,863","142,312","134,741",,,,,,,,,,,,,,,,,,,,,,,,,,,,,,,,,,,,,,
NC,"127,507","120,692","127,402","116,481","131,745","123,608","114,335","118,616","117,146","119,495","111,796","128,148","135,756","142,789","139,607","139,828","136,973","146,565","159,172","191,639","135,910","108,282","143,364","149,658","160,144","137,560","114,112","134,887","115,314","167,662","168,721","137,701","159,968","157,578","187,840","168,810","174,111","167,585","163,009","142,632","139,510","131,872","130,792","188,855","147,627","147,480","139,856","117,419","167,201","179,898","189,830","188,541","186,574","228,352","209,090","206,845","222,384","240,022","270,114","275,441","293,174","288,212",,,,,,,,,,,,,,,,,,,,,,,,,,,,,,,,,,,,,,
ND,"11,880","15,420","14,054","15,915","20,014","26,438","20,421","29,255","26,339","31,071","29,922","34,285","32,507","25,135","28,922","35,262","34,411","21,338","31,963","28,886","28,555","25,970","29,855","28,400","28,819","27,227","29,018","25,054","23,859","24,212","21,154","22,111","21,389","18,259","23,492","29,912","36,101","37,662","27,325","30,685","26,151","19,505","21,759","24,205","24,137","22,847","25,802","32,353","43,508","64,260","84,009","102,733","99,508","98,237","111,219","109,747","125,731","165,938","163,255","164,419","176,757","185,516",,,,,,,,,,,,,,,,,,,,,,,,,,,,,,,,,,,,,,
NE,"13,425","12,832","12,973","13,199","12,801","13,563","13,955","13,879","14,714","14,532","15,950","15,845","16,822","16,912","16,161","15,399","16,378","16,136","16,096","16,832","19,778","18,113","19,739","21,516","22,853","24,632","26,645","24,830","22,964","22,066","19,705","19,436","21,140","20,857","24,719","33,382","38,423","41,932","42,665","44,610","43,687","43,413","44,226","45,556","52,142","51,713","55,259","64,219","84,810","86,963","133,695","144,549","132,976","138,417","155,904","164,543","168,536","186,969","190,495","203,880","202,857","217,397",,,,,,,,,,,,,,,,,,,,,,,,,,,,,,,,,,,,,,
NH,"25,629","23,327","25,119","24,450","23,707","22,019","24,343","24,089","25,155","27,816","25,321","24,733","26,131","30,671","28,694","25,853","31,050","31,271","31,004","33,548","32,382","36,078","33,759","38,209","35,004","33,807","38,742","34,985","36,549","40,566","46,824","40,894","42,211","42,448","40,356","39,480","47,633","42,282","40,585","38,906","38,620","30,187","28,898","29,851","34,926","42,485","36,022","38,434","43,631","49,904","51,207","52,027","50,256","59,059","61,731","67,603","62,838","66,803","62,624","62,394","51,219","50,415",,,,,,,,,,,,,,,,,,,,,,,,,,,,,,,,,,,,,,
NJ,"20,514","20,749","21,199","23,397","23,947","23,693","23,570","23,695","24,678","25,354","25,906","26,621","29,554","30,289","33,097","30,950","35,091","38,510","41,662","43,101","48,383","54,426","49,211","60,308","48,816","49,683","41,534","38,592","41,856","34,877","26,138","35,988","38,617","37,096","41,784","44,254","42,107","40,283","39,609","40,538","41,084","30,089","28,790","26,805","27,603","29,321","47,800","52,951","50,637","66,283","74,011","74,190","76,886","86,152","91,005","81,586","85,369","83,836","84,239","84,994","80,762","85,852",,,,,,,,,,,,,,,,,,,,,,,,,,,,,,,,,,,,,,
NM,"7,373","6,937","6,791","6,469","6,300","6,075","6,210","5,678","5,706","5,682","5,548","4,965","4,746","4,896","4,919","6,002","6,781","7,328","7,989","9,922","6,223","7,731","8,035","9,201","9,926","10,521","11,126","8,592","8,594","9,918","8,718","9,344","9,308","8,838","8,156","9,787","8,595","9,762","10,043","10,226","10,611","7,911","8,188","8,743","11,714","23,591","28,385","32,003","36,694","33,261","39,926","43,298","45,164","46,411","48,148","48,909","64,769","78,080","95,244","105,040","106,513","138,630",,,,,,,,,,,,,,,,,,,,,,,,,,,,,,,,,,,,,,
NV,"22,110","19,545","21,733","19,804","17,842","17,544","19,632","18,985","19,142","18,771","18,322","18,651","17,274","18,356","17,762","18,827","17,457","18,381","18,980","19,804","27,403","21,800","18,717","47,194","63,057","49,989","52,238","28,996","24,397","30,610","30,070","39,509","37,488","41,377","39,090","41,378","43,109","48,279","54,334","51,186","47,127","46,005","42,485","37,158","38,001","38,191","41,987","42,138","44,483","54,225","56,443","58,036","63,674","74,096","76,197","85,212","99,674","109,544","117,235","125,022","125,514","139,948",,,,,,,,,,,,,,,,,,,,,,,,,,,,,,,,,,,,,,
NY,"189,314","250,832","277,979","260,059","247,409","262,743","288,582","301,664","320,307","339,647","325,491","326,609","347,985","364,685","362,988","354,900","368,500","342,161","354,864","368,358","404,671","413,896","397,442","435,889","409,565","415,540","429,134","400,041","365,628","379,021","390,950","379,052","395,108","421,585","409,946","393,535","441,203","493,001","460,179","420,326","430,512","351,194","364,410","359,374","383,432","374,254","401,535","392,381","428,750","409,737","405,824","438,840","399,747","418,075","437,667","448,392","454,021","490,642","489,219","498,124","468,231","473,907",,,,,,,,,,,,,,,,,,,,,,,,,,,,,,,,,,,,,,
OH,"36,966","36,414","36,983","38,172","38,010","38,720","41,531","39,669","43,465","44,467","44,149","43,520","44,940","46,607","48,408","46,299","52,843","58,582","69,632","74,657","107,374","113,023","114,311","132,120","128,420","131,331","119,814","125,393","131,494","112,103","79,958","85,301","84,110","65,996","94,253","87,819","85,997","86,935","85,953","93,555","98,927","68,387","55,136","63,646","66,807","73,750","77,290","84,298","116,287","114,671","129,218","138,111","143,509","160,117","163,389","157,489","159,177","156,232","158,726","160,334","151,400","165,301",,,,,,,,,,,,,,,,,,,,,,,,,,,,,,,,,,,,,,
OK,"17,766","20,187","16,660","10,640","11,373","16,230","13,064","14,604","23,406","26,940","21,730","21,321","26,724","50,756","48,830","42,644","29,303","32,743","37,416","46,806","24,855","23,880","37,437","39,850","39,885","57,165","45,383","45,998","37,117","50,344","49,914","41,216","53,293","67,957","50,125","53,290","51,673","55,183","60,591","55,318","47,389","48,426","40,973","42,001","62,153","65,251","54,844","82,596","87,945","92,578","108,361","114,750","135,556","178,059","177,919","203,058","260,290","290,968","324,177","347,056","337,045","367,146",,,,,,,,,,,,,,,,,,,,,,,,,,,,,,,,,,,,,,
OR,"190,489","188,915","197,646","199,225","215,793","230,410","232,649","243,110","271,743","350,230","371,350","419,311","435,930","351,043","432,867","417,387","434,370","327,769","408,647","387,287","401,129","428,803","561,127","574,207","590,530","529,625","532,746","477,093","470,568","481,678","487,410","484,638","375,975","417,186","367,996","467,164","517,451","530,594","455,575","510,869","437,828","351,491","403,564","386,713","387,006","368,234","438,058","402,132","418,899","423,040","406,526","526,732","507,768","472,016","495,029","451,541","482,943","516,930","502,494","445,620","473,155","449,244",,,,,,,,,,,,,,,,,,,,,,,,,,,,,,,,,,,,,,
PA,"66,100","61,121","61,767","60,798","60,590","61,262","63,676","68,253","62,881","61,805","67,525","60,573","70,114","70,871","72,077","73,865","81,184","84,322","90,536","106,837","136,826","147,662","149,605","167,142","152,019","148,238","117,214","108,025","108,182","98,078","91,855","90,246","107,587","105,517","114,040","119,291","135,591","119,643","111,689","110,226","114,696","97,228","97,199","110,613","118,023","109,625","119,645","121,913","147,224","165,867","190,969","215,431","203,830","235,207","232,509","235,433","230,921","240,496","251,952","234,570","217,902","223,410",,,,,,,,,,,,,,,,,,,,,,,,,,,,,,,,,,,,,,
RI,"2,951","3,011","3,139","3,221","3,533","3,561","3,771","4,150","4,266","4,428","5,268","4,851","4,934","5,108","5,023","4,050","4,704","5,295","6,577","7,124","7,287","6,649","6,053","7,401","4,946","5,081","4,653","3,302","3,528","3,805","4,499","4,585","4,840","5,181","5,066","5,079","5,562","4,347","4,197","4,403","4,520","3,899","3,736","3,827","4,535","1,923","5,429","6,398","6,306","7,418","7,178","6,901","6,003","6,106","7,902","8,469","8,267","9,567","10,045","11,832","13,926","14,546",,,,,,,,,,,,,,,,,,,,,,,,,,,,,,,,,,,,,,
SC,"81,969","76,284","73,455","69,832","87,558","77,346","67,699","66,176","69,381","73,251","65,064","78,568","77,077","83,883","79,895","87,805","83,353","80,884","83,872","91,528","71,184","52,308","69,636","75,407","80,276","66,598","89,899","95,973","83,299","97,884","106,617","107,666","110,649","110,225","114,631","124,701","131,794","131,983","129,956","96,967","92,462","70,578","80,645","103,801","97,441","105,466","100,539","97,885","106,872","121,866","134,412","135,879","138,964","156,589","158,548","151,230","150,318","152,847","165,199","166,366","173,989","170,674",,,,,,,,,,,,,,,,,,,,,,,,,,,,,,,,,,,,,,
SD,"13,974","13,609","17,252","31,784","33,645","41,595","51,565","52,576","59,858","67,419","70,185","82,558","78,339","51,534","60,394","83,960","74,830","57,133","72,806","67,819","63,775","58,639","60,381","61,830","64,092","60,186","64,483","60,201","59,354","52,289","44,283","44,067","41,909","31,197","57,892","66,895","87,018","96,328","63,218","73,106","63,439","41,085","52,277","57,222","60,251","61,504","71,514","69,575","82,021","106,123","128,953","154,349","140,762","128,968","140,135","138,038","149,018","148,279","158,194","169,269","171,078","205,338",,,,,,,,,,,,,,,,,,,,,,,,,,,,,,,,,,,,,,
TN,"138,708","136,653","145,125","127,030","141,564","138,006","128,629","147,297","132,020","131,914","138,417","153,090","173,103","177,886","180,418","177,299","160,069","176,225","163,042","207,250","160,372","136,647","184,144","189,453","203,068","166,411","156,473","176,511","150,409","205,997","165,010","178,555","168,952","152,077","186,064","163,369","175,612","161,831","158,854","131,836","120,501","138,865","148,413","184,237","179,906","174,097","151,732","126,960","150,056","192,435","176,941","191,304","181,037","226,381","194,804","196,878","170,822","182,761","199,132","191,569","211,994","198,765",,,,,,,,,,,,,,,,,,,,,,,,,,,,,,,,,,,,,,
TX,"50,155","52,023","47,721","42,718","43,884","48,967","51,980","49,944","62,939","64,351","62,757","60,471","67,560","78,102","76,691","75,872","75,965","82,566","84,175","89,721","65,819","70,516","80,753","78,066","88,645","96,300","113,054","120,707","111,778","127,595","117,290","122,315","136,103","117,748","115,384","122,104","112,104","126,373","115,561","98,723","101,490","102,165","123,648","117,593","123,497","140,202","193,518","250,482","351,072","352,946","458,187","524,901","533,395","584,228","634,054","672,832","820,815","915,338","1,009,917","1,071,087","1,149,538","1,293,066",,,,,,,,,,,,,,,,,,,,,,,,,,,,,,,,,,,,,,
UT,"5,494","4,591","6,192","5,699","10,151","11,501","10,173","13,266","12,791","13,957","10,079","12,615","15,234","14,683","12,440","14,074","14,974","11,709","12,093","13,634","13,025","12,388","16,761","21,168","21,829","18,721","23,017","14,264","11,781","11,680","10,778","12,555","12,402","14,642","13,808","15,540","17,235","20,402","20,533","21,236","16,401","12,128","11,230","10,520","10,715","15,773","15,066","14,230","17,793","20,364","22,771","31,282","28,026","25,011","29,679","33,778","47,601","64,181","61,286","60,089","61,965","67,954",,,,,,,,,,,,,,,,,,,,,,,,,,,,,,,,,,,,,,
VA,"69,706","66,456","67,678","64,267","63,580","63,439","64,055","61,774","63,863","64,159","62,711","66,364","70,488","69,214","66,085","66,861","76,045","73,803","86,397","95,181","85,571","79,270","93,614","95,982","103,631","101,913","86,471","88,065","80,435","98,719","105,874","107,612","110,879","119,114","123,271","126,209","139,571","125,994","126,110","122,830","117,047","95,661","82,137","110,936","117,963","132,464","133,344","135,794","140,866","144,884","143,772","136,050","134,372","152,518","167,411","169,053","167,391","167,010","183,826","169,910","170,439","189,262",,,,,,,,,,,,,,,,,,,,,,,,,,,,,,,,,,,,,,
VT,"17,339","15,369","15,682","13,995","13,500","14,396","15,557","15,167","15,086","16,109","14,717","14,594","15,955","17,149","16,134","16,361","19,325","19,373","20,504","22,340","22,881","24,825","22,667","26,554","26,036","26,890","23,871","23,132","21,704","20,018","19,484","17,310","16,014","18,238","19,068","19,167","21,867","19,949","20,290","20,800","21,389","17,342","22,715","24,055","22,042","24,499","27,854","19,025","28,824","34,193","34,817","33,019","28,836","36,145","35,555","41,531","38,701","40,945","44,258","43,772","39,823","40,260",,,,,,,,,,,,,,,,,,,,,,,,,,,,,,,,,,,,,,
WA,"428,129","455,762","476,680","514,264","557,343","581,530","617,245","678,045","736,245","772,827","796,121","817,275","854,559","783,243","926,539","935,362","1,051,188","773,465","1,002,202","900,631","951,633","1,074,536","1,008,174","1,004,891","981,713","917,386","943,085","850,807","835,500","855,805","1,004,696","1,007,895","806,664","797,958","781,385","944,237","1,110,151","1,160,946","904,688","1,084,122","911,481","660,974","893,664","834,753","819,551","815,363","937,172","894,490","898,118","853,813","839,885","1,080,055","1,036,980","942,926","957,292","891,733","948,976","967,707","955,305","797,587","884,394","850,547",,,,,,,,,,,,,,,,,,,,,,,,,,,,,,,,,,,,,,
WI,"64,968","60,619","61,695","55,114","54,980","61,690","60,892","61,003","65,830","62,804","58,313","61,793","65,646","67,818","65,621","66,067","69,570","74,518","90,777","92,876","187,312","196,641","195,454","217,664","215,483","217,863","161,833","152,928","157,330","124,135","103,244","109,956","110,394","105,835","108,116","114,213","128,254","128,387","110,682","116,297","115,703","128,460","110,928","118,300","108,704","145,127","140,855","142,051","160,022","153,699","186,264","186,444","178,205","188,808","195,664","200,490","200,299","198,839","203,443","202,897","183,061","178,716",,,,,,,,,,,,,,,,,,,,,,,,,,,,,,,,,,,,,,
WV,"23,464","23,666","23,755","21,029","21,666","20,560","20,101","22,471","21,573","21,430","21,152","22,281","24,771","24,229","23,779","22,798","24,758","24,320","27,252","33,875","23,421","22,023","25,803","23,389","25,619","25,050","31,416","28,499","29,016","25,599","18,512","16,399","18,857","18,684","18,865","19,566","22,054","17,598","16,213","14,809","17,406","15,165","16,225","21,237","20,765","28,742","28,884","26,873","33,587","50,902","52,218","53,542","51,398","61,073","57,169","44,994","47,885","49,947","53,573","49,681","48,020","48,756",,,,,,,,,,,,,,,,,,,,,,,,,,,,,,,,,,,,,,
WY,"8,174","8,273","11,746","10,641","10,613","10,793","11,106","9,641","11,560","12,992","12,129","15,331","13,492","14,024","16,196","13,226","12,547","9,937","12,774","13,906","14,250","12,125","12,243","15,780","17,199","14,999","16,233","11,118","11,399","10,475","9,529","10,779","9,262","10,749","12,356","10,974","14,917","16,280","15,733","14,158","15,011","14,658","12,279","11,638","14,039","19,291","19,573","18,963","22,477","35,036","45,955","61,810","55,484","54,820","56,015","52,372","58,491","59,425","54,920","57,094","68,407","91,943",,,,,,,,,,,,,,,,,,,,,,,,,,,,,,,,,,,,,,
US,"2,928,205","2,952,227","3,117,444","3,096,431","3,225,249","3,395,816","3,432,463","3,690,213","3,772,655","4,094,893","4,070,021","4,262,212","4,382,009","4,410,938","4,741,851","4,687,119","4,727,151","4,208,966","5,005,439","5,122,854","5,424,534","5,417,152","5,980,929","6,495,612","6,438,347","6,084,017","6,111,140","5,624,499","5,456,754","6,234,646","6,041,875","6,067,765","5,820,528","6,079,341","5,987,124","6,559,334","7,012,355","7,011,598","6,491,277","6,514,657","6,104,207","5,164,253","5,726,026","5,944,059","6,074,599","6,231,821","6,636,591","6,522,719","7,174,060","7,607,468","8,265,583","9,209,646","8,852,895","9,464,268","9,761,070","9,749,471","10,408,644","11,138,359","11,369,899","11,468,314","11,518,077","12,139,977",,,,,,,,,,,,,,,,,,,,,,,,,,,,,,,,,,,,,,